Origin Airport Code,Dest Airport Code,Fly Distance,Origin Latitude,Origin Longitude,Dest Latitude,Dest Longitude
ACY,ATL,679.0,39.452,-74.567,33.63,-84.442
ACY,BOS,274.0,39.452,-74.567,42.361,-71.01
ACY,FLL,977.0,39.452,-74.567,26.079,-80.162
ACY,MCO,852.0,39.452,-74.567,28.418,-81.324
ACY,MIA,998.0,39.452,-74.567,25.788,-80.317
ACY,TPA,913.0,39.452,-74.567,27.963,-82.54
AEX,ATL,500.0,31.335,-92.558,33.63,-84.442
AEX,CLT,722.0,31.335,-92.558,35.223,-80.954
AEX,DFW,285.0,31.335,-92.558,32.897,-97.022
AEX,IAH,190.0,31.335,-92.558,29.984,-95.361
AGS,ATL,143.0,33.365,-81.964,33.63,-84.442
AGS,AUS,949.0,33.365,-81.964,30.183,-97.68
AGS,BOS,861.0,33.365,-81.964,42.361,-71.01
AGS,CLT,140.0,33.365,-81.964,35.223,-80.954
AGS,DCA,468.0,33.365,-81.964,38.847,-77.035
AGS,DFW,874.0,33.365,-81.964,32.897,-97.022
AGS,DTW,615.0,33.365,-81.964,42.231,-83.331
AGS,LGA,678.0,33.365,-81.964,40.779,-73.88
AGS,MIA,531.0,33.365,-81.964,25.788,-80.317
AGS,ORD,677.0,33.365,-81.964,41.96,-87.932
AGS,PHL,583.0,33.365,-81.964,39.873,-75.227
ANC,ATL,3417.0,61.169,-150.028,33.63,-84.442
ANC,DEN,2405.0,61.169,-150.028,39.847,-104.656
ANC,DFW,3043.0,61.169,-150.028,32.897,-97.022
ANC,EWR,3370.0,61.169,-150.028,40.683,-74.169
ANC,IAH,3266.0,61.169,-150.028,29.984,-95.361
ANC,LAX,2345.0,61.169,-150.028,33.938,-118.387
ANC,MSP,2519.0,61.169,-150.028,44.885,-93.231
ANC,ORD,2846.0,61.169,-150.028,41.96,-87.932
ANC,SFO,2018.0,61.169,-150.028,37.62,-122.366
ANC,SLC,2125.0,61.169,-150.028,40.771,-111.965
ATL,ACY,679.0,33.63,-84.442,39.452,-74.567
ATL,AEX,500.0,33.63,-84.442,31.335,-92.558
ATL,AGS,143.0,33.63,-84.442,33.365,-81.964
ATL,ANC,3417.0,33.63,-84.442,61.169,-150.028
ATL,AUS,813.0,33.63,-84.442,30.183,-97.68
ATL,BNA,214.0,33.63,-84.442,36.111,-86.688
ATL,BOS,946.0,33.63,-84.442,42.361,-71.01
ATL,BTR,448.0,33.63,-84.442,30.538,-91.147
ATL,BWI,577.0,33.63,-84.442,39.173,-76.684
ATL,CAE,192.0,33.63,-84.442,33.942,-81.118
ATL,CLT,226.0,33.63,-84.442,35.223,-80.954
ATL,CMH,447.0,33.63,-84.442,39.991,-82.877
ATL,DCA,547.0,33.63,-84.442,38.847,-77.035
ATL,DEN,1199.0,33.63,-84.442,39.847,-104.656
ATL,DFW,731.0,33.63,-84.442,32.897,-97.022
ATL,DTW,594.0,33.63,-84.442,42.231,-83.331
ATL,ELP,1282.0,33.63,-84.442,31.812,-106.377
ATL,EWR,746.0,33.63,-84.442,40.683,-74.169
ATL,FLL,581.0,33.63,-84.442,26.079,-80.162
ATL,GRR,640.0,33.63,-84.442,42.882,-85.523
ATL,IAD,534.0,33.63,-84.442,38.935,-77.447
ATL,IAH,689.0,33.63,-84.442,29.984,-95.361
ATL,ICT,782.0,33.63,-84.442,37.648,-97.43
ATL,JAN,341.0,33.63,-84.442,32.32,-90.078
ATL,LAX,1947.0,33.63,-84.442,33.938,-118.387
ATL,LGA,762.0,33.63,-84.442,40.779,-73.88
ATL,MCI,692.0,33.63,-84.442,39.297,-94.731
ATL,MCO,404.0,33.63,-84.442,28.418,-81.324
ATL,MDW,591.0,33.63,-84.442,41.784,-87.755
ATL,MIA,594.0,33.63,-84.442,25.788,-80.317
ATL,MSP,907.0,33.63,-84.442,44.885,-93.231
ATL,ORD,606.0,33.63,-84.442,41.96,-87.932
ATL,PHL,666.0,33.63,-84.442,39.873,-75.227
ATL,PIT,526.0,33.63,-84.442,40.48459,-80.21448
ATL,PVD,903.0,33.63,-84.442,41.723,-71.432
ATL,RIC,481.0,33.63,-84.442,37.512,-77.323
ATL,SAN,1892.0,33.63,-84.442,32.734,-117.183
ATL,SAT,874.0,33.63,-84.442,29.544,-98.484
ATL,SAV,214.0,33.63,-84.442,32.131,-81.202
ATL,SFO,2139.0,33.63,-84.442,37.62,-122.366
ATL,SLC,1590.0,33.63,-84.442,40.771,-111.965
ATL,SMF,2092.0,33.63,-84.442,38.701,-121.595
ATL,STL,484.0,33.63,-84.442,38.752,-90.373
ATL,TPA,406.0,33.63,-84.442,27.963,-82.54
AUS,AGS,949.0,30.183,-97.68,33.365,-81.964
AUS,ATL,813.0,30.183,-97.68,33.63,-84.442
AUS,BNA,756.0,30.183,-97.68,36.111,-86.688
AUS,BOS,1698.0,30.183,-97.68,42.361,-71.01
AUS,BWI,1342.0,30.183,-97.68,39.173,-76.684
AUS,CLT,1032.0,30.183,-97.68,35.223,-80.954
AUS,CMH,1073.0,30.183,-97.68,39.991,-82.877
AUS,DCA,1315.0,30.183,-97.68,38.847,-77.035
AUS,DEN,775.0,30.183,-97.68,39.847,-104.656
AUS,DFW,190.0,30.183,-97.68,32.897,-97.022
AUS,DTW,1149.0,30.183,-97.68,42.231,-83.331
AUS,ELP,528.0,30.183,-97.68,31.812,-106.377
AUS,EWR,1504.0,30.183,-97.68,40.683,-74.169
AUS,FLL,1105.0,30.183,-97.68,26.079,-80.162
AUS,HRL,273.0,30.183,-97.68,26.23,-97.656
AUS,IAD,1297.0,30.183,-97.68,38.935,-77.447
AUS,IAH,140.0,30.183,-97.68,29.984,-95.361
AUS,LAX,1242.0,30.183,-97.68,33.938,-118.387
AUS,LBB,341.0,30.183,-97.68,33.666,-101.823
AUS,MCI,650.0,30.183,-97.68,39.297,-94.731
AUS,MCO,994.0,30.183,-97.68,28.418,-81.324
AUS,MDW,972.0,30.183,-97.68,41.784,-87.755
AUS,MIA,1103.0,30.183,-97.68,25.788,-80.317
AUS,MSP,1042.0,30.183,-97.68,44.885,-93.231
AUS,ORD,977.0,30.183,-97.68,41.96,-87.932
AUS,PHL,1430.0,30.183,-97.68,39.873,-75.227
AUS,PIT,1210.0,30.183,-97.68,40.48459,-80.21448
AUS,SAN,1164.0,30.183,-97.68,32.734,-117.183
AUS,SFO,1504.0,30.183,-97.68,37.62,-122.366
AUS,SLC,1086.0,30.183,-97.68,40.771,-111.965
AUS,SMF,1481.0,30.183,-97.68,38.701,-121.595
AUS,STL,721.0,30.183,-97.68,38.752,-90.373
AUS,TPA,928.0,30.183,-97.68,27.963,-82.54
BNA,ATL,214.0,36.111,-86.688,33.63,-84.442
BNA,AUS,756.0,36.111,-86.688,30.183,-97.68
BNA,BOS,942.0,36.111,-86.688,42.361,-71.01
BNA,BWI,587.0,36.111,-86.688,39.173,-76.684
BNA,CLT,328.0,36.111,-86.688,35.223,-80.954
BNA,CMH,337.0,36.111,-86.688,39.991,-82.877
BNA,DCA,562.0,36.111,-86.688,38.847,-77.035
BNA,DEN,1014.0,36.111,-86.688,39.847,-104.656
BNA,DFW,631.0,36.111,-86.688,32.897,-97.022
BNA,DTW,456.0,36.111,-86.688,42.231,-83.331
BNA,EWR,748.0,36.111,-86.688,40.683,-74.169
BNA,FLL,793.0,36.111,-86.688,26.079,-80.162
BNA,IAD,542.0,36.111,-86.688,38.935,-77.447
BNA,IAH,657.0,36.111,-86.688,29.984,-95.361
BNA,LAX,1797.0,36.111,-86.688,33.938,-118.387
BNA,LGA,764.0,36.111,-86.688,40.779,-73.88
BNA,MCI,491.0,36.111,-86.688,39.297,-94.731
BNA,MCO,616.0,36.111,-86.688,28.418,-81.324
BNA,MDW,395.0,36.111,-86.688,41.784,-87.755
BNA,MIA,806.0,36.111,-86.688,25.788,-80.317
BNA,MSP,695.0,36.111,-86.688,44.885,-93.231
BNA,ORD,409.0,36.111,-86.688,41.96,-87.932
BNA,PHL,675.0,36.111,-86.688,39.873,-75.227
BNA,PIT,462.0,36.111,-86.688,40.48459,-80.21448
BNA,SAN,1751.0,36.111,-86.688,32.734,-117.183
BNA,SAT,822.0,36.111,-86.688,29.544,-98.484
BNA,SAV,417.0,36.111,-86.688,32.131,-81.202
BNA,SFO,1969.0,36.111,-86.688,37.62,-122.366
BNA,SLC,1404.0,36.111,-86.688,40.771,-111.965
BNA,SMF,1917.0,36.111,-86.688,38.701,-121.595
BNA,STL,272.0,36.111,-86.688,38.752,-90.373
BNA,TPA,612.0,36.111,-86.688,27.963,-82.54
BOS,ACY,274.0,42.361,-71.01,39.452,-74.567
BOS,AGS,861.0,42.361,-71.01,33.365,-81.964
BOS,ATL,946.0,42.361,-71.01,33.63,-84.442
BOS,AUS,1698.0,42.361,-71.01,30.183,-97.68
BOS,BNA,942.0,42.361,-71.01,36.111,-86.688
BOS,BWI,369.0,42.361,-71.01,39.173,-76.684
BOS,CLT,728.0,42.361,-71.01,35.223,-80.954
BOS,CMH,640.0,42.361,-71.01,39.991,-82.877
BOS,DCA,399.0,42.361,-71.01,38.847,-77.035
BOS,DEN,1754.0,42.361,-71.01,39.847,-104.656
BOS,DFW,1562.0,42.361,-71.01,32.897,-97.022
BOS,DTW,632.0,42.361,-71.01,42.231,-83.331
BOS,EWR,200.0,42.361,-71.01,40.683,-74.169
BOS,FLL,1237.0,42.361,-71.01,26.079,-80.162
BOS,IAD,413.0,42.361,-71.01,38.935,-77.447
BOS,IAH,1597.0,42.361,-71.01,29.984,-95.361
BOS,LAX,2611.0,42.361,-71.01,33.938,-118.387
BOS,LGA,184.0,42.361,-71.01,40.779,-73.88
BOS,MCI,1256.0,42.361,-71.01,39.297,-94.731
BOS,MCO,1121.0,42.361,-71.01,28.418,-81.324
BOS,MDW,861.0,42.361,-71.01,41.784,-87.755
BOS,MIA,1258.0,42.361,-71.01,25.788,-80.317
BOS,MSP,1124.0,42.361,-71.01,44.885,-93.231
BOS,ORD,867.0,42.361,-71.01,41.96,-87.932
BOS,PHL,280.0,42.361,-71.01,39.873,-75.227
BOS,PIT,496.0,42.361,-71.01,40.48459,-80.21448
BOS,RIC,474.0,42.361,-71.01,37.512,-77.323
BOS,SAN,2588.0,42.361,-71.01,32.734,-117.183
BOS,SAT,1764.0,42.361,-71.01,29.544,-98.484
BOS,SAV,901.0,42.361,-71.01,32.131,-81.202
BOS,SFO,2704.0,42.361,-71.01,37.62,-122.366
BOS,SLC,2105.0,42.361,-71.01,40.771,-111.965
BOS,SMF,2636.0,42.361,-71.01,38.701,-121.595
BOS,STL,1047.0,42.361,-71.01,38.752,-90.373
BOS,TPA,1185.0,42.361,-71.01,27.963,-82.54
BTR,ATL,448.0,30.538,-91.147,33.63,-84.442
BTR,CLT,675.0,30.538,-91.147,35.223,-80.954
BTR,DCA,985.0,30.538,-91.147,38.847,-77.035
BTR,DFW,383.0,30.538,-91.147,32.897,-97.022
BTR,IAH,253.0,30.538,-91.147,29.984,-95.361
BTR,MCO,610.0,30.538,-91.147,28.418,-81.324
BWI,ATL,577.0,39.173,-76.684,33.63,-84.442
BWI,AUS,1342.0,39.173,-76.684,30.183,-97.68
BWI,BNA,587.0,39.173,-76.684,36.111,-86.688
BWI,BOS,369.0,39.173,-76.684,42.361,-71.01
BWI,CLT,361.0,39.173,-76.684,35.223,-80.954
BWI,CMH,337.0,39.173,-76.684,39.991,-82.877
BWI,DEN,1491.0,39.173,-76.684,39.847,-104.656
BWI,DFW,1217.0,39.173,-76.684,32.897,-97.022
BWI,DTW,409.0,39.173,-76.684,42.231,-83.331
BWI,FLL,925.0,39.173,-76.684,26.079,-80.162
BWI,GRR,528.0,39.173,-76.684,42.882,-85.523
BWI,IAH,1235.0,39.173,-76.684,29.984,-95.361
BWI,JAN,888.0,39.173,-76.684,32.32,-90.078
BWI,LAX,2329.0,39.173,-76.684,33.938,-118.387
BWI,LGA,185.0,39.173,-76.684,40.779,-73.88
BWI,MCI,967.0,39.173,-76.684,39.297,-94.731
BWI,MCO,787.0,39.173,-76.684,28.418,-81.324
BWI,MDW,611.0,39.173,-76.684,41.784,-87.755
BWI,MIA,946.0,39.173,-76.684,25.788,-80.317
BWI,MSP,936.0,39.173,-76.684,44.885,-93.231
BWI,ORD,621.6770356816103,39.173,-76.684,41.96,-87.932
BWI,PIT,210.0,39.173,-76.684,40.48459,-80.21448
BWI,PVD,327.0,39.173,-76.684,41.723,-71.432
BWI,SAN,2295.0,39.173,-76.684,32.734,-117.183
BWI,SAT,1407.0,39.173,-76.684,29.544,-98.484
BWI,SAV,549.0,39.173,-76.684,32.131,-81.202
BWI,SFO,2457.0,39.173,-76.684,37.62,-122.366
BWI,SLC,1865.0,39.173,-76.684,40.771,-111.965
BWI,STL,738.0,39.173,-76.684,38.752,-90.373
BWI,TPA,842.0,39.173,-76.684,27.963,-82.54
CAE,ATL,192.0,33.942,-81.118,33.63,-84.442
CAE,CLT,88.0,33.942,-81.118,35.223,-80.954
CAE,DCA,408.0,33.942,-81.118,38.847,-77.035
CAE,DFW,922.0,33.942,-81.118,32.897,-97.022
CAE,IAD,401.0,33.942,-81.118,38.935,-77.447
CAE,LGA,617.0,33.942,-81.118,40.779,-73.88
CAE,MIA,563.0,33.942,-81.118,25.788,-80.317
CAE,ORD,666.0,33.942,-81.118,41.96,-87.932
CAE,PHL,523.0,33.942,-81.118,39.873,-75.227
CLT,AEX,722.0,35.223,-80.954,31.335,-92.558
CLT,AGS,140.0,35.223,-80.954,33.365,-81.964
CLT,ATL,226.0,35.223,-80.954,33.63,-84.442
CLT,AUS,1032.0,35.223,-80.954,30.183,-97.68
CLT,BNA,328.0,35.223,-80.954,36.111,-86.688
CLT,BOS,728.0,35.223,-80.954,42.361,-71.01
CLT,BTR,675.0,35.223,-80.954,30.538,-91.147
CLT,BWI,361.0,35.223,-80.954,39.173,-76.684
CLT,CAE,88.0,35.223,-80.954,33.942,-81.118
CLT,CMH,347.0,35.223,-80.954,39.991,-82.877
CLT,DCA,331.0,35.223,-80.954,38.847,-77.035
CLT,DEN,1337.0,35.223,-80.954,39.847,-104.656
CLT,DFW,936.0,35.223,-80.954,32.897,-97.022
CLT,DTW,500.0,35.223,-80.954,42.231,-83.331
CLT,EWR,529.0,35.223,-80.954,40.683,-74.169
CLT,FLL,632.0,35.223,-80.954,26.079,-80.162
CLT,GRR,583.0,35.223,-80.954,42.882,-85.523
CLT,IAD,322.0,35.223,-80.954,38.935,-77.447
CLT,IAH,912.0,35.223,-80.954,29.984,-95.361
CLT,JAN,562.0,35.223,-80.954,32.32,-90.078
CLT,LAX,2125.0,35.223,-80.954,33.938,-118.387
CLT,LGA,544.0,35.223,-80.954,40.779,-73.88
CLT,MCI,808.0,35.223,-80.954,39.297,-94.731
CLT,MCO,468.0,35.223,-80.954,28.418,-81.324
CLT,MDW,584.0,35.223,-80.954,41.784,-87.755
CLT,MIA,650.0,35.223,-80.954,25.788,-80.317
CLT,MSP,930.0,35.223,-80.954,44.885,-93.231
CLT,ORD,599.0,35.223,-80.954,41.96,-87.932
CLT,PHL,449.0,35.223,-80.954,39.873,-75.227
CLT,PIT,366.0,35.223,-80.954,40.48459,-80.21448
CLT,PVD,683.0,35.223,-80.954,41.723,-71.432
CLT,RIC,257.0,35.223,-80.954,37.512,-77.323
CLT,SAN,2077.0,35.223,-80.954,32.734,-117.183
CLT,SAT,1095.0,35.223,-80.954,29.544,-98.484
CLT,SAV,213.0,35.223,-80.954,32.131,-81.202
CLT,SFO,2296.0,35.223,-80.954,37.62,-122.366
CLT,SLC,1727.0,35.223,-80.954,40.771,-111.965
CLT,SMF,2244.0,35.223,-80.954,38.701,-121.595
CLT,STL,575.0,35.223,-80.954,38.752,-90.373
CLT,TPA,507.0,35.223,-80.954,27.963,-82.54
CMH,ATL,447.0,39.991,-82.877,33.63,-84.442
CMH,AUS,1073.0,39.991,-82.877,30.183,-97.68
CMH,BNA,337.0,39.991,-82.877,36.111,-86.688
CMH,BOS,640.0,39.991,-82.877,42.361,-71.01
CMH,BWI,337.0,39.991,-82.877,39.173,-76.684
CMH,CLT,347.0,39.991,-82.877,35.223,-80.954
CMH,DCA,323.0,39.991,-82.877,38.847,-77.035
CMH,DEN,1154.0,39.991,-82.877,39.847,-104.656
CMH,DFW,926.0,39.991,-82.877,32.897,-97.022
CMH,DTW,155.0,39.991,-82.877,42.231,-83.331
CMH,EWR,463.0,39.991,-82.877,40.683,-74.169
CMH,FLL,973.0,39.991,-82.877,26.079,-80.162
CMH,IAD,299.0,39.991,-82.877,38.935,-77.447
CMH,IAH,986.0,39.991,-82.877,29.984,-95.361
CMH,LAX,1995.0,39.991,-82.877,33.938,-118.387
CMH,LGA,479.0,39.991,-82.877,40.779,-73.88
CMH,MCO,802.0,39.991,-82.877,28.418,-81.324
CMH,MDW,283.0,39.991,-82.877,41.784,-87.755
CMH,MIA,990.0,39.991,-82.877,25.788,-80.317
CMH,MSP,626.0,39.991,-82.877,44.885,-93.231
CMH,ORD,296.0,39.991,-82.877,41.96,-87.932
CMH,PHL,406.0,39.991,-82.877,39.873,-75.227
CMH,SFO,2120.0,39.991,-82.877,37.62,-122.366
CMH,STL,409.0,39.991,-82.877,38.752,-90.373
CMH,TPA,829.0,39.991,-82.877,27.963,-82.54
DCA,AGS,468.0,38.847,-77.035,33.365,-81.964
DCA,ATL,547.0,38.847,-77.035,33.63,-84.442
DCA,AUS,1315.0,38.847,-77.035,30.183,-97.68
DCA,BNA,562.0,38.847,-77.035,36.111,-86.688
DCA,BOS,399.0,38.847,-77.035,42.361,-71.01
DCA,BTR,985.0,38.847,-77.035,30.538,-91.147
DCA,CAE,408.0,38.847,-77.035,33.942,-81.118
DCA,CLT,331.0,38.847,-77.035,35.223,-80.954
DCA,CMH,323.0,38.847,-77.035,39.991,-82.877
DCA,DEN,1476.0,38.847,-77.035,39.847,-104.656
DCA,DFW,1192.0,38.847,-77.035,32.897,-97.022
DCA,DTW,405.0,38.847,-77.035,42.231,-83.331
DCA,EWR,199.0,38.847,-77.035,40.683,-74.169
DCA,FLL,899.0,38.847,-77.035,26.079,-80.162
DCA,GRR,524.0,38.847,-77.035,42.882,-85.523
DCA,IAH,1208.0,38.847,-77.035,29.984,-95.361
DCA,JAN,860.0,38.847,-77.035,32.32,-90.078
DCA,LAX,2311.0,38.847,-77.035,33.938,-118.387
DCA,LGA,214.0,38.847,-77.035,40.779,-73.88
DCA,MCI,949.0,38.847,-77.035,39.297,-94.731
DCA,MCO,759.0,38.847,-77.035,28.418,-81.324
DCA,MDW,601.0,38.847,-77.035,41.784,-87.755
DCA,MIA,919.0,38.847,-77.035,25.788,-80.317
DCA,MSP,931.0,38.847,-77.035,44.885,-93.231
DCA,ORD,612.0,38.847,-77.035,41.96,-87.932
DCA,PHL,119.0,38.847,-77.035,39.873,-75.227
DCA,PIT,204.0,38.847,-77.035,40.48459,-80.21448
DCA,PVD,356.0,38.847,-77.035,41.723,-71.432
DCA,SAV,519.0,38.847,-77.035,32.131,-81.202
DCA,SFO,2442.0,38.847,-77.035,37.62,-122.366
DCA,SLC,1851.0,38.847,-77.035,40.771,-111.965
DCA,STL,719.0,38.847,-77.035,38.752,-90.373
DCA,TPA,814.0,38.847,-77.035,27.963,-82.54
DEN,ANC,2405.0,39.847,-104.656,61.169,-150.028
DEN,ATL,1199.0,39.847,-104.656,33.63,-84.442
DEN,AUS,775.0,39.847,-104.656,30.183,-97.68
DEN,BNA,1014.0,39.847,-104.656,36.111,-86.688
DEN,BOS,1754.0,39.847,-104.656,42.361,-71.01
DEN,BWI,1491.0,39.847,-104.656,39.173,-76.684
DEN,CLT,1337.0,39.847,-104.656,35.223,-80.954
DEN,CMH,1154.0,39.847,-104.656,39.991,-82.877
DEN,DCA,1476.0,39.847,-104.656,38.847,-77.035
DEN,DFW,641.0,39.847,-104.656,32.897,-97.022
DEN,DTW,1123.0,39.847,-104.656,42.231,-83.331
DEN,ELP,563.0,39.847,-104.656,31.812,-106.377
DEN,EWR,1605.0,39.847,-104.656,40.683,-74.169
DEN,FLL,1703.0,39.847,-104.656,26.079,-80.162
DEN,GRR,1015.0,39.847,-104.656,42.882,-85.523
DEN,HRL,1023.0,39.847,-104.656,26.23,-97.656
DEN,IAD,1452.0,39.847,-104.656,38.935,-77.447
DEN,IAH,862.0,39.847,-104.656,29.984,-95.361
DEN,ICT,420.0,39.847,-104.656,37.648,-97.43
DEN,LAX,862.0,39.847,-104.656,33.938,-118.387
DEN,LBB,456.0,39.847,-104.656,33.666,-101.823
DEN,LGA,1620.0,39.847,-104.656,40.779,-73.88
DEN,MCI,533.0,39.847,-104.656,39.297,-94.731
DEN,MCO,1546.0,39.847,-104.656,28.418,-81.324
DEN,MDW,895.0,39.847,-104.656,41.784,-87.755
DEN,MIA,1709.0,39.847,-104.656,25.788,-80.317
DEN,MOT,604.0,39.847,-104.656,48.252,-101.269
DEN,MSP,680.0,39.847,-104.656,44.885,-93.231
DEN,ORD,888.0,39.847,-104.656,41.96,-87.932
DEN,PHL,1558.0,39.847,-104.656,39.873,-75.227
DEN,PIT,1290.0,39.847,-104.656,40.48459,-80.21448
DEN,PVD,1737.0,39.847,-104.656,41.723,-71.432
DEN,RIC,1482.0,39.847,-104.656,37.512,-77.323
DEN,SAN,853.0,39.847,-104.656,32.734,-117.183
DEN,SAT,794.0,39.847,-104.656,29.544,-98.484
DEN,SAV,1414.0,39.847,-104.656,32.131,-81.202
DEN,SBA,916.0,39.847,-104.656,34.4241,-119.84249
DEN,SFO,967.0,39.847,-104.656,37.62,-122.366
DEN,SLC,391.0,39.847,-104.656,40.771,-111.965
DEN,SMF,909.0,39.847,-104.656,38.701,-121.595
DEN,STL,770.0,39.847,-104.656,38.752,-90.373
DEN,TPA,1506.0,39.847,-104.656,27.963,-82.54
DFW,ACY,1330.0,32.897,-97.022,39.452,-74.567
DFW,AEX,285.0,32.897,-97.022,31.335,-92.558
DFW,AGS,874.0,32.897,-97.022,33.365,-81.964
DFW,ANC,3043.0,32.897,-97.022,61.169,-150.028
DFW,ATL,731.0,32.897,-97.022,33.63,-84.442
DFW,AUS,190.0,32.897,-97.022,30.183,-97.68
DFW,BNA,631.0,32.897,-97.022,36.111,-86.688
DFW,BOS,1562.0,32.897,-97.022,42.361,-71.01
DFW,BTR,383.0,32.897,-97.022,30.538,-91.147
DFW,BWI,1217.0,32.897,-97.022,39.173,-76.684
DFW,CAE,922.0,32.897,-97.022,33.942,-81.118
DFW,CLT,936.0,32.897,-97.022,35.223,-80.954
DFW,CMH,926.0,32.897,-97.022,39.991,-82.877
DFW,DCA,1192.0,32.897,-97.022,38.847,-77.035
DFW,DEN,641.0,32.897,-97.022,39.847,-104.656
DFW,DTW,986.0,32.897,-97.022,42.231,-83.331
DFW,ELP,551.0,32.897,-97.022,31.812,-106.377
DFW,EWR,1372.0,32.897,-97.022,40.683,-74.169
DFW,FLL,1119.0,32.897,-97.022,26.079,-80.162
DFW,GRR,931.0,32.897,-97.022,42.882,-85.523
DFW,HRL,461.0,32.897,-97.022,26.23,-97.656
DFW,IAD,1172.0,32.897,-97.022,38.935,-77.447
DFW,IAH,224.0,32.897,-97.022,29.984,-95.361
DFW,ICT,328.0,32.897,-97.022,37.648,-97.43
DFW,JAN,408.0,32.897,-97.022,32.32,-90.078
DFW,LAX,1235.0,32.897,-97.022,33.938,-118.387
DFW,LBB,282.0,32.897,-97.022,33.666,-101.823
DFW,LGA,1389.0,32.897,-97.022,40.779,-73.88
DFW,MCI,460.0,32.897,-97.022,39.297,-94.731
DFW,MCO,985.0,32.897,-97.022,28.418,-81.324
DFW,MDW,797.0,32.897,-97.022,41.784,-87.755
DFW,MIA,1121.0,32.897,-97.022,25.788,-80.317
DFW,MSP,852.0,32.897,-97.022,44.885,-93.231
DFW,ORD,801.7066954220174,32.897,-97.022,41.96,-87.932
DFW,PHL,1303.0,32.897,-97.022,39.873,-75.227
DFW,PIT,1067.0,32.897,-97.022,40.48459,-80.21448
DFW,RIC,1158.0,32.897,-97.022,37.512,-77.323
DFW,SAN,1171.0,32.897,-97.022,32.734,-117.183
DFW,SAT,247.0,32.897,-97.022,29.544,-98.484
DFW,SAV,925.0,32.897,-97.022,32.131,-81.202
DFW,SBA,1316.0,32.897,-97.022,34.4241,-119.84249
DFW,SFO,1464.0,32.897,-97.022,37.62,-122.366
DFW,SLC,989.0,32.897,-97.022,40.771,-111.965
DFW,SMF,1431.0,32.897,-97.022,38.701,-121.595
DFW,STL,550.0,32.897,-97.022,38.752,-90.373
DFW,TPA,929.0,32.897,-97.022,27.963,-82.54
DLH,MSP,144.0,46.844,-92.187,44.885,-93.231
DLH,ORD,397.0,46.844,-92.187,41.96,-87.932
DTW,AGS,615.0,42.231,-83.331,33.365,-81.964
DTW,ATL,594.0,42.231,-83.331,33.63,-84.442
DTW,AUS,1149.0,42.231,-83.331,30.183,-97.68
DTW,BNA,456.0,42.231,-83.331,36.111,-86.688
DTW,BOS,632.0,42.231,-83.331,42.361,-71.01
DTW,BWI,409.0,42.231,-83.331,39.173,-76.684
DTW,CLT,500.0,42.231,-83.331,35.223,-80.954
DTW,CMH,155.0,42.231,-83.331,39.991,-82.877
DTW,DCA,405.0,42.231,-83.331,38.847,-77.035
DTW,DEN,1123.0,42.231,-83.331,39.847,-104.656
DTW,DFW,986.0,42.231,-83.331,32.897,-97.022
DTW,EWR,488.0,42.231,-83.331,40.683,-74.169
DTW,FLL,1127.0,42.231,-83.331,26.079,-80.162
DTW,GRR,120.0,42.231,-83.331,42.882,-85.523
DTW,IAD,383.0,42.231,-83.331,38.935,-77.447
DTW,IAH,1075.0,42.231,-83.331,29.984,-95.361
DTW,LAX,1979.0,42.231,-83.331,33.938,-118.387
DTW,LGA,502.0,42.231,-83.331,40.779,-73.88
DTW,MCI,629.0,42.231,-83.331,39.297,-94.731
DTW,MCO,957.0,42.231,-83.331,28.418,-81.324
DTW,MDW,228.0,42.231,-83.331,41.784,-87.755
DTW,MIA,1145.0,42.231,-83.331,25.788,-80.317
DTW,MSP,528.0,42.231,-83.331,44.885,-93.231
DTW,ORD,235.0,42.231,-83.331,41.96,-87.932
DTW,PHL,453.0,42.231,-83.331,39.873,-75.227
DTW,PIT,201.0,42.231,-83.331,40.48459,-80.21448
DTW,PVD,615.0,42.231,-83.331,41.723,-71.432
DTW,RIC,456.0,42.231,-83.331,37.512,-77.323
DTW,SAN,1956.0,42.231,-83.331,32.734,-117.183
DTW,SAT,1214.0,42.231,-83.331,29.544,-98.484
DTW,SAV,705.0,42.231,-83.331,32.131,-81.202
DTW,SFO,2079.0,42.231,-83.331,37.62,-122.366
DTW,SLC,1481.0,42.231,-83.331,40.771,-111.965
DTW,STL,440.0,42.231,-83.331,38.752,-90.373
DTW,TPA,983.0,42.231,-83.331,27.963,-82.54
ELP,ATL,1282.0,31.812,-106.377,33.63,-84.442
ELP,AUS,528.0,31.812,-106.377,30.183,-97.68
ELP,DEN,563.0,31.812,-106.377,39.847,-104.656
ELP,DFW,551.0,31.812,-106.377,32.897,-97.022
ELP,IAH,667.0,31.812,-106.377,29.984,-95.361
ELP,LAX,715.0,31.812,-106.377,33.938,-118.387
ELP,MCO,1516.0,31.812,-106.377,28.418,-81.324
ELP,ORD,1236.0,31.812,-106.377,41.96,-87.932
ELP,SAN,636.0,31.812,-106.377,32.734,-117.183
ELP,SAT,496.0,31.812,-106.377,29.544,-98.484
EWR,ANC,3370.0,40.683,-74.169,61.169,-150.028
EWR,ATL,746.0,40.683,-74.169,33.63,-84.442
EWR,AUS,1504.0,40.683,-74.169,30.183,-97.68
EWR,BNA,748.0,40.683,-74.169,36.111,-86.688
EWR,BOS,200.0,40.683,-74.169,42.361,-71.01
EWR,CLT,529.0,40.683,-74.169,35.223,-80.954
EWR,CMH,463.0,40.683,-74.169,39.991,-82.877
EWR,DCA,199.0,40.683,-74.169,38.847,-77.035
EWR,DEN,1605.0,40.683,-74.169,39.847,-104.656
EWR,DFW,1372.0,40.683,-74.169,32.897,-97.022
EWR,DTW,488.0,40.683,-74.169,42.231,-83.331
EWR,FLL,1065.0,40.683,-74.169,26.079,-80.162
EWR,GRR,605.0,40.683,-74.169,42.882,-85.523
EWR,IAD,212.0,40.683,-74.169,38.935,-77.447
EWR,IAH,1400.0,40.683,-74.169,29.984,-95.361
EWR,LAX,2454.0,40.683,-74.169,33.938,-118.387
EWR,MCI,1092.0,40.683,-74.169,39.297,-94.731
EWR,MCO,937.0,40.683,-74.169,28.418,-81.324
EWR,MIA,1085.0,40.683,-74.169,25.788,-80.317
EWR,MSP,1008.0,40.683,-74.169,44.885,-93.231
EWR,ORD,719.0,40.683,-74.169,41.96,-87.932
EWR,PHL,80.0,40.683,-74.169,39.873,-75.227
EWR,PIT,319.0,40.683,-74.169,40.48459,-80.21448
EWR,PVD,160.0,40.683,-74.169,41.723,-71.432
EWR,RIC,277.0,40.683,-74.169,37.512,-77.323
EWR,SAN,2425.0,40.683,-74.169,32.734,-117.183
EWR,SAT,1569.0,40.683,-74.169,29.544,-98.484
EWR,SAV,708.0,40.683,-74.169,32.131,-81.202
EWR,SFO,2565.0,40.683,-74.169,37.62,-122.366
EWR,SLC,1969.0,40.683,-74.169,40.771,-111.965
EWR,SMF,2500.0,40.683,-74.169,38.701,-121.595
EWR,STL,872.0,40.683,-74.169,38.752,-90.373
EWR,TPA,997.0,40.683,-74.169,27.963,-82.54
FLL,ACY,977.0,26.079,-80.162,39.452,-74.567
FLL,ATL,581.0,26.079,-80.162,33.63,-84.442
FLL,AUS,1105.0,26.079,-80.162,30.183,-97.68
FLL,BNA,793.0,26.079,-80.162,36.111,-86.688
FLL,BOS,1237.0,26.079,-80.162,42.361,-71.01
FLL,BWI,925.0,26.079,-80.162,39.173,-76.684
FLL,CLT,632.0,26.079,-80.162,35.223,-80.954
FLL,CMH,973.0,26.079,-80.162,39.991,-82.877
FLL,DCA,899.0,26.079,-80.162,38.847,-77.035
FLL,DEN,1703.0,26.079,-80.162,39.847,-104.656
FLL,DFW,1119.0,26.079,-80.162,32.897,-97.022
FLL,DTW,1127.0,26.079,-80.162,42.231,-83.331
FLL,EWR,1065.0,26.079,-80.162,40.683,-74.169
FLL,IAD,901.0,26.079,-80.162,38.935,-77.447
FLL,IAH,966.0,26.079,-80.162,29.984,-95.361
FLL,LAX,2343.0,26.079,-80.162,33.938,-118.387
FLL,LGA,1076.0,26.079,-80.162,40.779,-73.88
FLL,MCI,1242.0,26.079,-80.162,39.297,-94.731
FLL,MCO,177.0,26.079,-80.162,28.418,-81.324
FLL,MDW,1167.0,26.079,-80.162,41.784,-87.755
FLL,MSP,1487.0,26.079,-80.162,44.885,-93.231
FLL,ORD,1182.0,26.079,-80.162,41.96,-87.932
FLL,PHL,992.0,26.079,-80.162,39.873,-75.227
FLL,PIT,994.0,26.079,-80.162,40.48459,-80.21448
FLL,PVD,1188.0,26.079,-80.162,41.723,-71.432
FLL,RIC,805.0,26.079,-80.162,37.512,-77.323
FLL,SAN,2269.0,26.079,-80.162,32.734,-117.183
FLL,SAT,1145.0,26.079,-80.162,29.544,-98.484
FLL,SFO,2584.0,26.079,-80.162,37.62,-122.366
FLL,SLC,2084.0,26.079,-80.162,40.771,-111.965
FLL,STL,1057.0,26.079,-80.162,38.752,-90.373
FLL,TPA,197.0,26.079,-80.162,27.963,-82.54
GFK,MSP,284.0,47.943,-97.183,44.885,-93.231
GRR,ATL,640.0,42.882,-85.523,33.63,-84.442
GRR,BWI,528.0,42.882,-85.523,39.173,-76.684
GRR,CLT,583.0,42.882,-85.523,35.223,-80.954
GRR,DCA,524.0,42.882,-85.523,38.847,-77.035
GRR,DEN,1015.0,42.882,-85.523,39.847,-104.656
GRR,DFW,931.0,42.882,-85.523,32.897,-97.022
GRR,DTW,120.0,42.882,-85.523,42.231,-83.331
GRR,EWR,605.0,42.882,-85.523,40.683,-74.169
GRR,IAH,1042.0,42.882,-85.523,29.984,-95.361
GRR,LGA,618.0,42.882,-85.523,40.779,-73.88
GRR,MCO,1024.0,42.882,-85.523,28.418,-81.324
GRR,MDW,137.0,42.882,-85.523,41.784,-87.755
GRR,MIA,1214.0,42.882,-85.523,25.788,-80.317
GRR,MSP,408.0,42.882,-85.523,44.885,-93.231
GRR,ORD,137.0,42.882,-85.523,41.96,-87.932
GRR,PHL,573.0,42.882,-85.523,39.873,-75.227
GRR,TPA,1041.0,42.882,-85.523,27.963,-82.54
HRL,AUS,273.0,26.23,-97.656,30.183,-97.68
HRL,DEN,1023.0,26.23,-97.656,39.847,-104.656
HRL,DFW,461.0,26.23,-97.656,32.897,-97.022
HRL,IAH,295.0,26.23,-97.656,29.984,-95.361
HRL,MCO,1016.0,26.23,-97.656,28.418,-81.324
HRL,MSP,1310.0,26.23,-97.656,44.885,-93.231
HRL,ORD,1219.0,26.23,-97.656,41.96,-87.932
IAD,ATL,534.0,38.935,-77.447,33.63,-84.442
IAD,AUS,1297.0,38.935,-77.447,30.183,-97.68
IAD,BNA,542.0,38.935,-77.447,36.111,-86.688
IAD,BOS,413.0,38.935,-77.447,42.361,-71.01
IAD,CAE,401.0,38.935,-77.447,33.942,-81.118
IAD,CLT,322.0,38.935,-77.447,35.223,-80.954
IAD,CMH,299.0,38.935,-77.447,39.991,-82.877
IAD,DEN,1452.0,38.935,-77.447,39.847,-104.656
IAD,DFW,1172.0,38.935,-77.447,32.897,-97.022
IAD,DTW,383.0,38.935,-77.447,42.231,-83.331
IAD,EWR,212.0,38.935,-77.447,40.683,-74.169
IAD,FLL,901.0,38.935,-77.447,26.079,-80.162
IAD,IAH,1190.0,38.935,-77.447,29.984,-95.361
IAD,LAX,2288.0,38.935,-77.447,33.938,-118.387
IAD,LGA,229.0,38.935,-77.447,40.779,-73.88
IAD,MCI,926.0,38.935,-77.447,39.297,-94.731
IAD,MCO,758.0,38.935,-77.447,28.418,-81.324
IAD,MDW,577.0,38.935,-77.447,41.784,-87.755
IAD,MIA,921.0,38.935,-77.447,25.788,-80.317
IAD,MSP,908.0,38.935,-77.447,44.885,-93.231
IAD,ORD,588.0,38.935,-77.447,41.96,-87.932
IAD,PBG,444.0,38.935,-77.447,44.639,-73.463
IAD,PIT,182.0,38.935,-77.447,40.48459,-80.21448
IAD,PVD,371.0,38.935,-77.447,41.723,-71.432
IAD,RIC,100.0,38.935,-77.447,37.512,-77.323
IAD,SAN,2253.0,38.935,-77.447,32.734,-117.183
IAD,SAT,1362.0,38.935,-77.447,29.544,-98.484
IAD,SAV,515.0,38.935,-77.447,32.131,-81.202
IAD,SFO,2419.0,38.935,-77.447,37.62,-122.366
IAD,SLC,1828.0,38.935,-77.447,40.771,-111.965
IAD,SMF,2358.0,38.935,-77.447,38.701,-121.595
IAD,STL,696.0,38.935,-77.447,38.752,-90.373
IAD,TPA,811.0,38.935,-77.447,27.963,-82.54
IAH,AEX,190.0,29.984,-95.361,31.335,-92.558
IAH,ANC,3266.0,29.984,-95.361,61.169,-150.028
IAH,ATL,689.0,29.984,-95.361,33.63,-84.442
IAH,AUS,140.0,29.984,-95.361,30.183,-97.68
IAH,BNA,657.0,29.984,-95.361,36.111,-86.688
IAH,BOS,1597.0,29.984,-95.361,42.361,-71.01
IAH,BTR,253.0,29.984,-95.361,30.538,-91.147
IAH,BWI,1235.0,29.984,-95.361,39.173,-76.684
IAH,CLT,912.0,29.984,-95.361,35.223,-80.954
IAH,CMH,986.0,29.984,-95.361,39.991,-82.877
IAH,DCA,1208.0,29.984,-95.361,38.847,-77.035
IAH,DEN,862.0,29.984,-95.361,39.847,-104.656
IAH,DFW,224.0,29.984,-95.361,32.897,-97.022
IAH,DTW,1075.0,29.984,-95.361,42.231,-83.331
IAH,ELP,667.0,29.984,-95.361,31.812,-106.377
IAH,EWR,1400.0,29.984,-95.361,40.683,-74.169
IAH,FLL,966.0,29.984,-95.361,26.079,-80.162
IAH,GRR,1042.0,29.984,-95.361,42.882,-85.523
IAH,HRL,295.0,29.984,-95.361,26.23,-97.656
IAH,IAD,1190.0,29.984,-95.361,38.935,-77.447
IAH,ICT,542.0,29.984,-95.361,37.648,-97.43
IAH,JAN,351.0,29.984,-95.361,32.32,-90.078
IAH,LAX,1379.0,29.984,-95.361,33.938,-118.387
IAH,LBB,458.0,29.984,-95.361,33.666,-101.823
IAH,LGA,1416.0,29.984,-95.361,40.779,-73.88
IAH,MCI,643.0,29.984,-95.361,39.297,-94.731
IAH,MCO,854.0,29.984,-95.361,28.418,-81.324
IAH,MDW,917.0,29.984,-95.361,41.784,-87.755
IAH,MIA,964.0,29.984,-95.361,25.788,-80.317
IAH,MSP,1034.0,29.984,-95.361,44.885,-93.231
IAH,ORD,925.0,29.984,-95.361,41.96,-87.932
IAH,PHL,1325.0,29.984,-95.361,39.873,-75.227
IAH,PIT,1117.0,29.984,-95.361,40.48459,-80.21448
IAH,RIC,1157.0,29.984,-95.361,37.512,-77.323
IAH,SAN,1303.0,29.984,-95.361,32.734,-117.183
IAH,SAT,191.0,29.984,-95.361,29.544,-98.484
IAH,SAV,851.0,29.984,-95.361,32.131,-81.202
IAH,SFO,1635.0,29.984,-95.361,37.62,-122.366
IAH,SLC,1195.0,29.984,-95.361,40.771,-111.965
IAH,SMF,1609.0,29.984,-95.361,38.701,-121.595
IAH,STL,667.0,29.984,-95.361,38.752,-90.373
IAH,TPA,787.0,29.984,-95.361,27.963,-82.54
ICT,ATL,782.0,37.648,-97.43,33.63,-84.442
ICT,DEN,420.0,37.648,-97.43,39.847,-104.656
ICT,DFW,328.0,37.648,-97.43,32.897,-97.022
ICT,IAH,542.0,37.648,-97.43,29.984,-95.361
ICT,MIA,1295.0,37.648,-97.43,25.788,-80.317
ICT,MSP,545.0,37.648,-97.43,44.885,-93.231
ICT,ORD,588.0,37.648,-97.43,41.96,-87.932
ICT,STL,392.0,37.648,-97.43,38.752,-90.373
INL,MSP,255.0,48.559,-93.396,44.885,-93.231
ITO,LAX,2449.0,19.719,-155.049,33.938,-118.387
JAN,ATL,341.0,32.32,-90.078,33.63,-84.442
JAN,BWI,888.0,32.32,-90.078,39.173,-76.684
JAN,CLT,562.0,32.32,-90.078,35.223,-80.954
JAN,DCA,860.0,32.32,-90.078,38.847,-77.035
JAN,DFW,408.0,32.32,-90.078,32.897,-97.022
JAN,IAH,351.0,32.32,-90.078,29.984,-95.361
JAN,MCO,588.0,32.32,-90.078,28.418,-81.324
JAN,MIA,742.0,32.32,-90.078,25.788,-80.317
LAX,ANC,2345.0,33.938,-118.387,61.169,-150.028
LAX,ATL,1947.0,33.938,-118.387,33.63,-84.442
LAX,AUS,1242.0,33.938,-118.387,30.183,-97.68
LAX,BNA,1797.0,33.938,-118.387,36.111,-86.688
LAX,BOS,2611.0,33.938,-118.387,42.361,-71.01
LAX,BWI,2329.0,33.938,-118.387,39.173,-76.684
LAX,CLT,2125.0,33.938,-118.387,35.223,-80.954
LAX,CMH,1995.0,33.938,-118.387,39.991,-82.877
LAX,DCA,2311.0,33.938,-118.387,38.847,-77.035
LAX,DEN,862.0,33.938,-118.387,39.847,-104.656
LAX,DFW,1235.0,33.938,-118.387,32.897,-97.022
LAX,DTW,1979.0,33.938,-118.387,42.231,-83.331
LAX,ELP,715.0,33.938,-118.387,31.812,-106.377
LAX,EWR,2454.0,33.938,-118.387,40.683,-74.169
LAX,FLL,2343.0,33.938,-118.387,26.079,-80.162
LAX,IAD,2288.0,33.938,-118.387,38.935,-77.447
LAX,IAH,1379.0,33.938,-118.387,29.984,-95.361
LAX,ITO,2449.0,33.938,-118.387,19.719,-155.049
LAX,LGA,2469.0,33.938,-118.387,40.779,-73.88
LAX,MCI,1363.0,33.938,-118.387,39.297,-94.731
LAX,MCO,2218.0,33.938,-118.387,28.418,-81.324
LAX,MDW,1750.0,33.938,-118.387,41.784,-87.755
LAX,MIA,2342.0,33.938,-118.387,25.788,-80.317
LAX,MSP,1535.0,33.938,-118.387,44.885,-93.231
LAX,ORD,1744.0,33.938,-118.387,41.96,-87.932
LAX,PHL,2402.0,33.938,-118.387,39.873,-75.227
LAX,PIT,2136.0,33.938,-118.387,40.48459,-80.21448
LAX,SAN,109.0,33.938,-118.387,32.734,-117.183
LAX,SAT,1211.0,33.938,-118.387,29.544,-98.484
LAX,SBA,89.0,33.938,-118.387,34.4241,-119.84249
LAX,SFO,337.0,33.938,-118.387,37.62,-122.366
LAX,SLC,590.0,33.938,-118.387,40.771,-111.965
LAX,SMF,373.0,33.938,-118.387,38.701,-121.595
LAX,STL,1592.0,33.938,-118.387,38.752,-90.373
LAX,TPA,2158.0,33.938,-118.387,27.963,-82.54
LBB,AUS,341.0,33.666,-101.823,30.183,-97.68
LBB,DEN,456.0,33.666,-101.823,39.847,-104.656
LBB,DFW,282.0,33.666,-101.823,32.897,-97.022
LBB,IAH,458.0,33.666,-101.823,29.984,-95.361
LGA,AGS,678.0,40.779,-73.88,33.365,-81.964
LGA,ATL,762.0,40.779,-73.88,33.63,-84.442
LGA,BNA,764.0,40.779,-73.88,36.111,-86.688
LGA,BOS,184.0,40.779,-73.88,42.361,-71.01
LGA,BWI,185.0,40.779,-73.88,39.173,-76.684
LGA,CAE,617.0,40.779,-73.88,33.942,-81.118
LGA,CLT,544.0,40.779,-73.88,35.223,-80.954
LGA,CMH,479.0,40.779,-73.88,39.991,-82.877
LGA,DCA,214.0,40.779,-73.88,38.847,-77.035
LGA,DEN,1620.0,40.779,-73.88,39.847,-104.656
LGA,DFW,1389.0,40.779,-73.88,32.897,-97.022
LGA,DTW,502.0,40.779,-73.88,42.231,-83.331
LGA,FLL,1076.0,40.779,-73.88,26.079,-80.162
LGA,GRR,618.0,40.779,-73.88,42.882,-85.523
LGA,IAD,229.0,40.779,-73.88,38.935,-77.447
LGA,IAH,1416.0,40.779,-73.88,29.984,-95.361
LGA,LAX,2469.0,40.779,-73.88,33.938,-118.387
LGA,MCI,1107.0,40.779,-73.88,39.297,-94.731
LGA,MCO,950.0,40.779,-73.88,28.418,-81.324
LGA,MDW,725.0,40.779,-73.88,41.784,-87.755
LGA,MIA,1096.0,40.779,-73.88,25.788,-80.317
LGA,MSP,1020.0,40.779,-73.88,44.885,-93.231
LGA,ORD,733.0,40.779,-73.88,41.96,-87.932
LGA,PHL,96.0,40.779,-73.88,39.873,-75.227
LGA,PIT,335.0,40.779,-73.88,40.48459,-80.21448
LGA,PVD,143.0,40.779,-73.88,41.723,-71.432
LGA,RIC,292.0,40.779,-73.88,37.512,-77.323
LGA,SAV,722.0,40.779,-73.88,32.131,-81.202
LGA,SLC,1983.0,40.779,-73.88,40.771,-111.965
LGA,STL,888.0,40.779,-73.88,38.752,-90.373
LGA,TPA,1010.0,40.779,-73.88,27.963,-82.54
MCI,ATL,692.0,39.297,-94.731,33.63,-84.442
MCI,AUS,650.0,39.297,-94.731,30.183,-97.68
MCI,BNA,491.0,39.297,-94.731,36.111,-86.688
MCI,BOS,1256.0,39.297,-94.731,42.361,-71.01
MCI,BWI,967.0,39.297,-94.731,39.173,-76.684
MCI,CLT,808.0,39.297,-94.731,35.223,-80.954
MCI,DCA,949.0,39.297,-94.731,38.847,-77.035
MCI,DEN,533.0,39.297,-94.731,39.847,-104.656
MCI,DFW,460.0,39.297,-94.731,32.897,-97.022
MCI,DTW,629.0,39.297,-94.731,42.231,-83.331
MCI,EWR,1092.0,39.297,-94.731,40.683,-74.169
MCI,FLL,1242.0,39.297,-94.731,26.079,-80.162
MCI,IAD,926.0,39.297,-94.731,38.935,-77.447
MCI,IAH,643.0,39.297,-94.731,29.984,-95.361
MCI,LAX,1363.0,39.297,-94.731,33.938,-118.387
MCI,LGA,1107.0,39.297,-94.731,40.779,-73.88
MCI,MCO,1072.0,39.297,-94.731,28.418,-81.324
MCI,MDW,405.0,39.297,-94.731,41.784,-87.755
MCI,MIA,1251.0,39.297,-94.731,25.788,-80.317
MCI,MSP,393.0,39.297,-94.731,44.885,-93.231
MCI,ORD,403.0,39.297,-94.731,41.96,-87.932
MCI,PHL,1038.0,39.297,-94.731,39.873,-75.227
MCI,SAN,1334.0,39.297,-94.731,32.734,-117.183
MCI,SAT,706.0,39.297,-94.731,29.544,-98.484
MCI,SFO,1499.0,39.297,-94.731,37.62,-122.366
MCI,SLC,920.0,39.297,-94.731,40.771,-111.965
MCI,STL,237.0,39.297,-94.731,38.752,-90.373
MCI,TPA,1048.0,39.297,-94.731,27.963,-82.54
MCO,ACY,852.0,28.418,-81.324,39.452,-74.567
MCO,ATL,404.0,28.418,-81.324,33.63,-84.442
MCO,AUS,994.0,28.418,-81.324,30.183,-97.68
MCO,BNA,616.0,28.418,-81.324,36.111,-86.688
MCO,BOS,1121.0,28.418,-81.324,42.361,-71.01
MCO,BTR,610.0,28.418,-81.324,30.538,-91.147
MCO,BWI,787.0,28.418,-81.324,39.173,-76.684
MCO,CLT,468.0,28.418,-81.324,35.223,-80.954
MCO,CMH,802.0,28.418,-81.324,39.991,-82.877
MCO,DCA,759.0,28.418,-81.324,38.847,-77.035
MCO,DEN,1546.0,28.418,-81.324,39.847,-104.656
MCO,DFW,985.0,28.418,-81.324,32.897,-97.022
MCO,DTW,957.0,28.418,-81.324,42.231,-83.331
MCO,ELP,1516.0,28.418,-81.324,31.812,-106.377
MCO,EWR,937.0,28.418,-81.324,40.683,-74.169
MCO,FLL,177.0,28.418,-81.324,26.079,-80.162
MCO,GRR,1024.0,28.418,-81.324,42.882,-85.523
MCO,HRL,1016.0,28.418,-81.324,26.23,-97.656
MCO,IAD,758.0,28.418,-81.324,38.935,-77.447
MCO,IAH,854.0,28.418,-81.324,29.984,-95.361
MCO,JAN,588.0,28.418,-81.324,32.32,-90.078
MCO,LAX,2218.0,28.418,-81.324,33.938,-118.387
MCO,LGA,950.0,28.418,-81.324,40.779,-73.88
MCO,MCI,1072.0,28.418,-81.324,39.297,-94.731
MCO,MDW,990.0,28.418,-81.324,41.784,-87.755
MCO,MIA,192.0,28.418,-81.324,25.788,-80.317
MCO,MSP,1310.0,28.418,-81.324,44.885,-93.231
MCO,ORD,1005.0,28.418,-81.324,41.96,-87.932
MCO,PHL,861.0,28.418,-81.324,39.873,-75.227
MCO,PIT,834.0,28.418,-81.324,40.48459,-80.21448
MCO,PVD,1072.0,28.418,-81.324,41.723,-71.432
MCO,RIC,667.0,28.418,-81.324,37.512,-77.323
MCO,SAN,2149.0,28.418,-81.324,32.734,-117.183
MCO,SAT,1041.0,28.418,-81.324,29.544,-98.484
MCO,SFO,2446.0,28.418,-81.324,37.62,-122.366
MCO,SLC,1931.0,28.418,-81.324,40.771,-111.965
MCO,STL,882.0,28.418,-81.324,38.752,-90.373
MDW,ATL,591.0,41.784,-87.755,33.63,-84.442
MDW,AUS,972.0,41.784,-87.755,30.183,-97.68
MDW,BNA,395.0,41.784,-87.755,36.111,-86.688
MDW,BOS,861.0,41.784,-87.755,42.361,-71.01
MDW,BWI,611.0,41.784,-87.755,39.173,-76.684
MDW,CLT,584.0,41.784,-87.755,35.223,-80.954
MDW,CMH,283.0,41.784,-87.755,39.991,-82.877
MDW,DCA,601.0,41.784,-87.755,38.847,-77.035
MDW,DEN,895.0,41.784,-87.755,39.847,-104.656
MDW,DFW,797.0,41.784,-87.755,32.897,-97.022
MDW,DTW,228.0,41.784,-87.755,42.231,-83.331
MDW,FLL,1167.0,41.784,-87.755,26.079,-80.162
MDW,GRR,137.0,41.784,-87.755,42.882,-85.523
MDW,IAD,577.0,41.784,-87.755,38.935,-77.447
MDW,IAH,917.0,41.784,-87.755,29.984,-95.361
MDW,LAX,1750.0,41.784,-87.755,33.938,-118.387
MDW,LGA,725.0,41.784,-87.755,40.779,-73.88
MDW,MCI,405.0,41.784,-87.755,39.297,-94.731
MDW,MCO,990.0,41.784,-87.755,28.418,-81.324
MDW,MIA,1182.0,41.784,-87.755,25.788,-80.317
MDW,MSP,349.0,41.784,-87.755,44.885,-93.231
MDW,PHL,668.0,41.784,-87.755,39.873,-75.227
MDW,PIT,402.0,41.784,-87.755,40.48459,-80.21448
MDW,PVD,842.0,41.784,-87.755,41.723,-71.432
MDW,RIC,629.0,41.784,-87.755,37.512,-77.323
MDW,SAN,1728.0,41.784,-87.755,32.734,-117.183
MDW,SAT,1036.0,41.784,-87.755,29.544,-98.484
MDW,SAV,758.0,41.784,-87.755,32.131,-81.202
MDW,SFO,1855.0,41.784,-87.755,37.62,-122.366
MDW,SLC,1259.0,41.784,-87.755,40.771,-111.965
MDW,SMF,1790.0,41.784,-87.755,38.701,-121.595
MDW,STL,251.0,41.784,-87.755,38.752,-90.373
MDW,TPA,997.0,41.784,-87.755,27.963,-82.54
MIA,ACY,998.0,25.788,-80.317,39.452,-74.567
MIA,AGS,531.0,25.788,-80.317,33.365,-81.964
MIA,ATL,594.0,25.788,-80.317,33.63,-84.442
MIA,AUS,1103.0,25.788,-80.317,30.183,-97.68
MIA,BNA,806.0,25.788,-80.317,36.111,-86.688
MIA,BOS,1258.0,25.788,-80.317,42.361,-71.01
MIA,BWI,946.0,25.788,-80.317,39.173,-76.684
MIA,CAE,563.0,25.788,-80.317,33.942,-81.118
MIA,CLT,650.0,25.788,-80.317,35.223,-80.954
MIA,CMH,990.0,25.788,-80.317,39.991,-82.877
MIA,DCA,919.0,25.788,-80.317,38.847,-77.035
MIA,DEN,1709.0,25.788,-80.317,39.847,-104.656
MIA,DFW,1121.0,25.788,-80.317,32.897,-97.022
MIA,DTW,1145.0,25.788,-80.317,42.231,-83.331
MIA,EWR,1085.0,25.788,-80.317,40.683,-74.169
MIA,FLL,21.0,25.788,-80.317,26.079,-80.162
MIA,GRR,1214.0,25.788,-80.317,42.882,-85.523
MIA,IAD,921.0,25.788,-80.317,38.935,-77.447
MIA,IAH,964.0,25.788,-80.317,29.984,-95.361
MIA,ICT,1295.0,25.788,-80.317,37.648,-97.43
MIA,JAN,742.0,25.788,-80.317,32.32,-90.078
MIA,LAX,2342.0,25.788,-80.317,33.938,-118.387
MIA,LGA,1096.0,25.788,-80.317,40.779,-73.88
MIA,MCI,1251.0,25.788,-80.317,39.297,-94.731
MIA,MCO,192.0,25.788,-80.317,28.418,-81.324
MIA,MDW,1182.0,25.788,-80.317,41.784,-87.755
MIA,MSP,1501.0,25.788,-80.317,44.885,-93.231
MIA,ORD,1197.0,25.788,-80.317,41.96,-87.932
MIA,PHL,1013.0,25.788,-80.317,39.873,-75.227
MIA,PIT,1013.0,25.788,-80.317,40.48459,-80.21448
MIA,PVD,1209.0,25.788,-80.317,41.723,-71.432
MIA,RIC,825.0,25.788,-80.317,37.512,-77.323
MIA,SAN,2267.0,25.788,-80.317,32.734,-117.183
MIA,SAT,1143.0,25.788,-80.317,29.544,-98.484
MIA,SAV,440.0,25.788,-80.317,32.131,-81.202
MIA,SFO,2585.0,25.788,-80.317,37.62,-122.366
MIA,SLC,2088.0,25.788,-80.317,40.771,-111.965
MIA,SMF,2552.0,25.788,-80.317,38.701,-121.595
MIA,STL,1068.0,25.788,-80.317,38.752,-90.373
MIA,TPA,204.0,25.788,-80.317,27.963,-82.54
MOT,DEN,604.0,48.252,-101.269,39.847,-104.656
MOT,MSP,449.0,48.252,-101.269,44.885,-93.231
MSP,ANC,2519.0,44.885,-93.231,61.169,-150.028
MSP,ATL,907.0,44.885,-93.231,33.63,-84.442
MSP,AUS,1042.0,44.885,-93.231,30.183,-97.68
MSP,BNA,695.0,44.885,-93.231,36.111,-86.688
MSP,BOS,1124.0,44.885,-93.231,42.361,-71.01
MSP,BWI,936.0,44.885,-93.231,39.173,-76.684
MSP,CLT,930.0,44.885,-93.231,35.223,-80.954
MSP,CMH,626.0,44.885,-93.231,39.991,-82.877
MSP,DCA,931.0,44.885,-93.231,38.847,-77.035
MSP,DEN,680.0,44.885,-93.231,39.847,-104.656
MSP,DFW,852.0,44.885,-93.231,32.897,-97.022
MSP,DLH,144.0,44.885,-93.231,46.844,-92.187
MSP,DTW,528.0,44.885,-93.231,42.231,-83.331
MSP,EWR,1008.0,44.885,-93.231,40.683,-74.169
MSP,FLL,1487.0,44.885,-93.231,26.079,-80.162
MSP,GFK,284.0,44.885,-93.231,47.943,-97.183
MSP,GRR,408.0,44.885,-93.231,42.882,-85.523
MSP,HRL,1310.0,44.885,-93.231,26.23,-97.656
MSP,IAD,908.0,44.885,-93.231,38.935,-77.447
MSP,IAH,1034.0,44.885,-93.231,29.984,-95.361
MSP,ICT,545.0,44.885,-93.231,37.648,-97.43
MSP,INL,255.0,44.885,-93.231,48.559,-93.396
MSP,LAX,1535.0,44.885,-93.231,33.938,-118.387
MSP,LGA,1020.0,44.885,-93.231,40.779,-73.88
MSP,MCI,393.0,44.885,-93.231,39.297,-94.731
MSP,MCO,1310.0,44.885,-93.231,28.418,-81.324
MSP,MDW,349.0,44.885,-93.231,41.784,-87.755
MSP,MIA,1501.0,44.885,-93.231,25.788,-80.317
MSP,MOT,449.0,44.885,-93.231,48.252,-101.269
MSP,ORD,334.0,44.885,-93.231,41.96,-87.932
MSP,PHL,980.0,44.885,-93.231,39.873,-75.227
MSP,PIT,726.0,44.885,-93.231,40.48459,-80.21448
MSP,PVD,1117.0,44.885,-93.231,41.723,-71.432
MSP,RIC,970.0,44.885,-93.231,37.512,-77.323
MSP,SAN,1532.0,44.885,-93.231,32.734,-117.183
MSP,SAT,1097.0,44.885,-93.231,29.544,-98.484
MSP,SAV,1092.0,44.885,-93.231,32.131,-81.202
MSP,SFO,1589.0,44.885,-93.231,37.62,-122.366
MSP,SLC,991.0,44.885,-93.231,40.771,-111.965
MSP,SMF,1517.0,44.885,-93.231,38.701,-121.595
MSP,STL,448.0,44.885,-93.231,38.752,-90.373
MSP,TPA,1306.0,44.885,-93.231,27.963,-82.54
ORD,AGS,677.0,41.96,-87.932,33.365,-81.964
ORD,ANC,2846.0,41.96,-87.932,61.169,-150.028
ORD,ATL,606.0,41.96,-87.932,33.63,-84.442
ORD,AUS,977.0,41.96,-87.932,30.183,-97.68
ORD,BNA,409.0,41.96,-87.932,36.111,-86.688
ORD,BOS,867.0,41.96,-87.932,42.361,-71.01
ORD,BWI,621.6769879076585,41.96,-87.932,39.173,-76.684
ORD,CAE,666.0,41.96,-87.932,33.942,-81.118
ORD,CLT,599.0,41.96,-87.932,35.223,-80.954
ORD,CMH,296.0,41.96,-87.932,39.991,-82.877
ORD,DCA,612.0,41.96,-87.932,38.847,-77.035
ORD,DEN,888.0,41.96,-87.932,39.847,-104.656
ORD,DFW,801.7066314036634,41.96,-87.932,32.897,-97.022
ORD,DLH,397.0,41.96,-87.932,46.844,-92.187
ORD,DTW,235.0,41.96,-87.932,42.231,-83.331
ORD,ELP,1236.0,41.96,-87.932,31.812,-106.377
ORD,EWR,719.0,41.96,-87.932,40.683,-74.169
ORD,FLL,1182.0,41.96,-87.932,26.079,-80.162
ORD,GRR,137.0,41.96,-87.932,42.882,-85.523
ORD,HRL,1219.0,41.96,-87.932,26.23,-97.656
ORD,IAD,588.0,41.96,-87.932,38.935,-77.447
ORD,IAH,925.0,41.96,-87.932,29.984,-95.361
ORD,ICT,588.0,41.96,-87.932,37.648,-97.43
ORD,LAX,1744.0,41.96,-87.932,33.938,-118.387
ORD,LGA,733.0,41.96,-87.932,40.779,-73.88
ORD,MCI,403.0,41.96,-87.932,39.297,-94.731
ORD,MCO,1005.0,41.96,-87.932,28.418,-81.324
ORD,MIA,1197.0,41.96,-87.932,25.788,-80.317
ORD,MSP,334.0,41.96,-87.932,44.885,-93.231
ORD,PHL,678.0,41.96,-87.932,39.873,-75.227
ORD,PIT,413.0,41.96,-87.932,40.48459,-80.21448
ORD,PVD,849.0,41.96,-87.932,41.723,-71.432
ORD,RIC,642.0,41.96,-87.932,37.512,-77.323
ORD,SAN,1723.0,41.96,-87.932,32.734,-117.183
ORD,SAT,1041.0,41.96,-87.932,29.544,-98.484
ORD,SAV,773.0,41.96,-87.932,32.131,-81.202
ORD,SBA,1803.0,41.96,-87.932,34.4241,-119.84249
ORD,SFO,1846.0,41.96,-87.932,37.62,-122.366
ORD,SLC,1250.0,41.96,-87.932,40.771,-111.965
ORD,SMF,1781.0,41.96,-87.932,38.701,-121.595
ORD,STL,258.0,41.96,-87.932,38.752,-90.373
ORD,TPA,1011.7001106602729,41.96,-87.932,27.963,-82.54
PBG,IAD,444.0,44.639,-73.463,38.935,-77.447
PHL,AGS,583.0,39.873,-75.227,33.365,-81.964
PHL,ATL,666.0,39.873,-75.227,33.63,-84.442
PHL,AUS,1430.0,39.873,-75.227,30.183,-97.68
PHL,BNA,675.0,39.873,-75.227,36.111,-86.688
PHL,BOS,280.0,39.873,-75.227,42.361,-71.01
PHL,CAE,523.0,39.873,-75.227,33.942,-81.118
PHL,CLT,449.0,39.873,-75.227,35.223,-80.954
PHL,CMH,406.0,39.873,-75.227,39.991,-82.877
PHL,DCA,119.0,39.873,-75.227,38.847,-77.035
PHL,DEN,1558.0,39.873,-75.227,39.847,-104.656
PHL,DFW,1303.0,39.873,-75.227,32.897,-97.022
PHL,DTW,453.0,39.873,-75.227,42.231,-83.331
PHL,EWR,80.0,39.873,-75.227,40.683,-74.169
PHL,FLL,992.0,39.873,-75.227,26.079,-80.162
PHL,GRR,573.0,39.873,-75.227,42.882,-85.523
PHL,IAH,1325.0,39.873,-75.227,29.984,-95.361
PHL,LAX,2402.0,39.873,-75.227,33.938,-118.387
PHL,LGA,96.0,39.873,-75.227,40.779,-73.88
PHL,MCI,1038.0,39.873,-75.227,39.297,-94.731
PHL,MCO,861.0,39.873,-75.227,28.418,-81.324
PHL,MDW,668.0,39.873,-75.227,41.784,-87.755
PHL,MIA,1013.0,39.873,-75.227,25.788,-80.317
PHL,MSP,980.0,39.873,-75.227,44.885,-93.231
PHL,ORD,678.0,39.873,-75.227,41.96,-87.932
PHL,PIT,268.0,39.873,-75.227,40.48459,-80.21448
PHL,PVD,237.0,39.873,-75.227,41.723,-71.432
PHL,RIC,198.0,39.873,-75.227,37.512,-77.323
PHL,SAN,2370.0,39.873,-75.227,32.734,-117.183
PHL,SAT,1496.0,39.873,-75.227,29.544,-98.484
PHL,SAV,629.0,39.873,-75.227,32.131,-81.202
PHL,SFO,2521.0,39.873,-75.227,37.62,-122.366
PHL,SLC,1927.0,39.873,-75.227,40.771,-111.965
PHL,STL,814.0,39.873,-75.227,38.752,-90.373
PHL,TPA,920.0,39.873,-75.227,27.963,-82.54
PIT,ATL,526.0,40.48459,-80.21448,33.63,-84.442
PIT,AUS,1210.0,40.48459,-80.21448,30.183,-97.68
PIT,BNA,462.0,40.48459,-80.21448,36.111,-86.688
PIT,BOS,496.0,40.48459,-80.21448,42.361,-71.01
PIT,BWI,210.0,40.48459,-80.21448,39.173,-76.684
PIT,CLT,366.0,40.48459,-80.21448,35.223,-80.954
PIT,CMH,145.0,40.48459,-80.21448,39.991,-82.877
PIT,DCA,204.0,40.48459,-80.21448,38.847,-77.035
PIT,DEN,1290.0,40.48459,-80.21448,39.847,-104.656
PIT,DFW,1067.0,40.48459,-80.21448,32.897,-97.022
PIT,DTW,201.0,40.48459,-80.21448,42.231,-83.331
PIT,EWR,319.0,40.48459,-80.21448,40.683,-74.169
PIT,FLL,994.0,40.48459,-80.21448,26.079,-80.162
PIT,IAD,182.0,40.48459,-80.21448,38.935,-77.447
PIT,IAH,1117.0,40.48459,-80.21448,29.984,-95.361
PIT,LAX,2136.0,40.48459,-80.21448,33.938,-118.387
PIT,LGA,335.0,40.48459,-80.21448,40.779,-73.88
PIT,MCO,834.0,40.48459,-80.21448,28.418,-81.324
PIT,MDW,402.0,40.48459,-80.21448,41.784,-87.755
PIT,MIA,1013.0,40.48459,-80.21448,25.788,-80.317
PIT,MSP,726.0,40.48459,-80.21448,44.885,-93.231
PIT,ORD,413.0,40.48459,-80.21448,41.96,-87.932
PIT,PHL,268.0,40.48459,-80.21448,39.873,-75.227
PIT,SFO,2254.0,40.48459,-80.21448,37.62,-122.366
PIT,SLC,1660.0,40.48459,-80.21448,40.771,-111.965
PIT,STL,554.0,40.48459,-80.21448,38.752,-90.373
PIT,TPA,873.0,40.48459,-80.21448,27.963,-82.54
PVD,ATL,903.0,41.723,-71.432,33.63,-84.442
PVD,BWI,327.0,41.723,-71.432,39.173,-76.684
PVD,CLT,683.0,41.723,-71.432,35.223,-80.954
PVD,DCA,356.0,41.723,-71.432,38.847,-77.035
PVD,DEN,1737.0,41.723,-71.432,39.847,-104.656
PVD,DTW,615.0,41.723,-71.432,42.231,-83.331
PVD,EWR,160.0,41.723,-71.432,40.683,-74.169
PVD,FLL,1188.0,41.723,-71.432,26.079,-80.162
PVD,IAD,371.0,41.723,-71.432,38.935,-77.447
PVD,LGA,143.0,41.723,-71.432,40.779,-73.88
PVD,MCO,1072.0,41.723,-71.432,28.418,-81.324
PVD,MDW,842.0,41.723,-71.432,41.784,-87.755
PVD,MIA,1209.0,41.723,-71.432,25.788,-80.317
PVD,MSP,1117.0,41.723,-71.432,44.885,-93.231
PVD,ORD,849.0,41.723,-71.432,41.96,-87.932
PVD,PHL,237.0,41.723,-71.432,39.873,-75.227
PVD,TPA,1136.0,41.723,-71.432,27.963,-82.54
RIC,ATL,481.0,37.512,-77.323,33.63,-84.442
RIC,BOS,474.0,37.512,-77.323,42.361,-71.01
RIC,CLT,257.0,37.512,-77.323,35.223,-80.954
RIC,DEN,1482.0,37.512,-77.323,39.847,-104.656
RIC,DFW,1158.0,37.512,-77.323,32.897,-97.022
RIC,DTW,456.0,37.512,-77.323,42.231,-83.331
RIC,EWR,277.0,37.512,-77.323,40.683,-74.169
RIC,FLL,805.0,37.512,-77.323,26.079,-80.162
RIC,IAD,100.0,37.512,-77.323,38.935,-77.447
RIC,IAH,1157.0,37.512,-77.323,29.984,-95.361
RIC,LGA,292.0,37.512,-77.323,40.779,-73.88
RIC,MCO,667.0,37.512,-77.323,28.418,-81.324
RIC,MDW,629.0,37.512,-77.323,41.784,-87.755
RIC,MIA,825.0,37.512,-77.323,25.788,-80.317
RIC,MSP,970.0,37.512,-77.323,44.885,-93.231
RIC,ORD,642.0,37.512,-77.323,41.96,-87.932
RIC,PHL,198.0,37.512,-77.323,39.873,-75.227
RIC,TPA,723.0,37.512,-77.323,27.963,-82.54
SAN,ATL,1892.0,32.734,-117.183,33.63,-84.442
SAN,AUS,1164.0,32.734,-117.183,30.183,-97.68
SAN,BNA,1751.0,32.734,-117.183,36.111,-86.688
SAN,BOS,2588.0,32.734,-117.183,42.361,-71.01
SAN,BWI,2295.0,32.734,-117.183,39.173,-76.684
SAN,CLT,2077.0,32.734,-117.183,35.223,-80.954
SAN,DEN,853.0,32.734,-117.183,39.847,-104.656
SAN,DFW,1171.0,32.734,-117.183,32.897,-97.022
SAN,DTW,1956.0,32.734,-117.183,42.231,-83.331
SAN,ELP,636.0,32.734,-117.183,31.812,-106.377
SAN,EWR,2425.0,32.734,-117.183,40.683,-74.169
SAN,FLL,2269.0,32.734,-117.183,26.079,-80.162
SAN,IAD,2253.0,32.734,-117.183,38.935,-77.447
SAN,IAH,1303.0,32.734,-117.183,29.984,-95.361
SAN,LAX,109.0,32.734,-117.183,33.938,-118.387
SAN,MCI,1334.0,32.734,-117.183,39.297,-94.731
SAN,MCO,2149.0,32.734,-117.183,28.418,-81.324
SAN,MDW,1728.0,32.734,-117.183,41.784,-87.755
SAN,MIA,2267.0,32.734,-117.183,25.788,-80.317
SAN,MSP,1532.0,32.734,-117.183,44.885,-93.231
SAN,ORD,1723.0,32.734,-117.183,41.96,-87.932
SAN,PHL,2370.0,32.734,-117.183,39.873,-75.227
SAN,SAT,1129.0,32.734,-117.183,29.544,-98.484
SAN,SBA,192.0,32.734,-117.183,34.4241,-119.84249
SAN,SFO,447.0,32.734,-117.183,37.62,-122.366
SAN,SLC,626.0,32.734,-117.183,40.771,-111.965
SAN,SMF,480.0,32.734,-117.183,38.701,-121.595
SAN,STL,1557.0,32.734,-117.183,38.752,-90.373
SAN,TPA,2087.0,32.734,-117.183,27.963,-82.54
SAT,ATL,874.0,29.544,-98.484,33.63,-84.442
SAT,BNA,822.0,29.544,-98.484,36.111,-86.688
SAT,BOS,1764.0,29.544,-98.484,42.361,-71.01
SAT,BWI,1407.0,29.544,-98.484,39.173,-76.684
SAT,CLT,1095.0,29.544,-98.484,35.223,-80.954
SAT,DEN,794.0,29.544,-98.484,39.847,-104.656
SAT,DFW,247.0,29.544,-98.484,32.897,-97.022
SAT,DTW,1214.0,29.544,-98.484,42.231,-83.331
SAT,ELP,496.0,29.544,-98.484,31.812,-106.377
SAT,EWR,1569.0,29.544,-98.484,40.683,-74.169
SAT,FLL,1145.0,29.544,-98.484,26.079,-80.162
SAT,IAD,1362.0,29.544,-98.484,38.935,-77.447
SAT,IAH,191.0,29.544,-98.484,29.984,-95.361
SAT,LAX,1211.0,29.544,-98.484,33.938,-118.387
SAT,MCI,706.0,29.544,-98.484,39.297,-94.731
SAT,MCO,1041.0,29.544,-98.484,28.418,-81.324
SAT,MDW,1036.0,29.544,-98.484,41.784,-87.755
SAT,MIA,1143.0,29.544,-98.484,25.788,-80.317
SAT,MSP,1097.0,29.544,-98.484,44.885,-93.231
SAT,ORD,1041.0,29.544,-98.484,41.96,-87.932
SAT,PHL,1496.0,29.544,-98.484,39.873,-75.227
SAT,SAN,1129.0,29.544,-98.484,32.734,-117.183
SAT,SFO,1482.0,29.544,-98.484,37.62,-122.366
SAT,SLC,1087.0,29.544,-98.484,40.771,-111.965
SAT,STL,786.0,29.544,-98.484,38.752,-90.373
SAT,TPA,972.0,29.544,-98.484,27.963,-82.54
SAV,ATL,214.0,32.131,-81.202,33.63,-84.442
SAV,BNA,417.0,32.131,-81.202,36.111,-86.688
SAV,BOS,901.0,32.131,-81.202,42.361,-71.01
SAV,BWI,549.0,32.131,-81.202,39.173,-76.684
SAV,CLT,213.0,32.131,-81.202,35.223,-80.954
SAV,DCA,519.0,32.131,-81.202,38.847,-77.035
SAV,DEN,1414.0,32.131,-81.202,39.847,-104.656
SAV,DFW,925.0,32.131,-81.202,32.897,-97.022
SAV,DTW,705.0,32.131,-81.202,42.231,-83.331
SAV,EWR,708.0,32.131,-81.202,40.683,-74.169
SAV,IAD,515.0,32.131,-81.202,38.935,-77.447
SAV,IAH,851.0,32.131,-81.202,29.984,-95.361
SAV,LGA,722.0,32.131,-81.202,40.779,-73.88
SAV,MDW,758.0,32.131,-81.202,41.784,-87.755
SAV,MIA,440.0,32.131,-81.202,25.788,-80.317
SAV,MSP,1092.0,32.131,-81.202,44.885,-93.231
SAV,ORD,773.0,32.131,-81.202,41.96,-87.932
SAV,PHL,629.0,32.131,-81.202,39.873,-75.227
SBA,DEN,916.0,34.4241,-119.84249,39.847,-104.656
SBA,DFW,1316.0,34.4241,-119.84249,32.897,-97.022
SBA,LAX,89.0,34.4241,-119.84249,33.938,-118.387
SBA,ORD,1803.0,34.4241,-119.84249,41.96,-87.932
SBA,SAN,192.0,34.4241,-119.84249,32.734,-117.183
SBA,SFO,262.0,34.4241,-119.84249,37.62,-122.366
SBA,SMF,310.0,34.4241,-119.84249,38.701,-121.595
SFO,ANC,2018.0,37.62,-122.366,61.169,-150.028
SFO,ATL,2139.0,37.62,-122.366,33.63,-84.442
SFO,AUS,1504.0,37.62,-122.366,30.183,-97.68
SFO,BNA,1969.0,37.62,-122.366,36.111,-86.688
SFO,BOS,2704.0,37.62,-122.366,42.361,-71.01
SFO,BWI,2457.0,37.62,-122.366,39.173,-76.684
SFO,CLT,2296.0,37.62,-122.366,35.223,-80.954
SFO,CMH,2120.0,37.62,-122.366,39.991,-82.877
SFO,DCA,2442.0,37.62,-122.366,38.847,-77.035
SFO,DEN,967.0,37.62,-122.366,39.847,-104.656
SFO,DFW,1464.0,37.62,-122.366,32.897,-97.022
SFO,DTW,2079.0,37.62,-122.366,42.231,-83.331
SFO,EWR,2565.0,37.62,-122.366,40.683,-74.169
SFO,FLL,2584.0,37.62,-122.366,26.079,-80.162
SFO,IAD,2419.0,37.62,-122.366,38.935,-77.447
SFO,IAH,1635.0,37.62,-122.366,29.984,-95.361
SFO,LAX,337.0,37.62,-122.366,33.938,-118.387
SFO,MCI,1499.0,37.62,-122.366,39.297,-94.731
SFO,MCO,2446.0,37.62,-122.366,28.418,-81.324
SFO,MDW,1855.0,37.62,-122.366,41.784,-87.755
SFO,MIA,2585.0,37.62,-122.366,25.788,-80.317
SFO,MSP,1589.0,37.62,-122.366,44.885,-93.231
SFO,ORD,1846.0,37.62,-122.366,41.96,-87.932
SFO,PHL,2521.0,37.62,-122.366,39.873,-75.227
SFO,PIT,2254.0,37.62,-122.366,40.48459,-80.21448
SFO,SAN,447.0,37.62,-122.366,32.734,-117.183
SFO,SAT,1482.0,37.62,-122.366,29.544,-98.484
SFO,SBA,262.0,37.62,-122.366,34.4241,-119.84249
SFO,SLC,599.0,37.62,-122.366,40.771,-111.965
SFO,SMF,86.0,37.62,-122.366,38.701,-121.595
SFO,TPA,2393.0,37.62,-122.366,27.963,-82.54
SLC,ANC,2125.0,40.771,-111.965,61.169,-150.028
SLC,ATL,1590.0,40.771,-111.965,33.63,-84.442
SLC,AUS,1086.0,40.771,-111.965,30.183,-97.68
SLC,BNA,1404.0,40.771,-111.965,36.111,-86.688
SLC,BOS,2105.0,40.771,-111.965,42.361,-71.01
SLC,BWI,1865.0,40.771,-111.965,39.173,-76.684
SLC,CLT,1727.0,40.771,-111.965,35.223,-80.954
SLC,DCA,1851.0,40.771,-111.965,38.847,-77.035
SLC,DEN,391.0,40.771,-111.965,39.847,-104.656
SLC,DFW,989.0,40.771,-111.965,32.897,-97.022
SLC,DTW,1481.0,40.771,-111.965,42.231,-83.331
SLC,EWR,1969.0,40.771,-111.965,40.683,-74.169
SLC,FLL,2084.0,40.771,-111.965,26.079,-80.162
SLC,IAD,1828.0,40.771,-111.965,38.935,-77.447
SLC,IAH,1195.0,40.771,-111.965,29.984,-95.361
SLC,LAX,590.0,40.771,-111.965,33.938,-118.387
SLC,LGA,1983.0,40.771,-111.965,40.779,-73.88
SLC,MCI,920.0,40.771,-111.965,39.297,-94.731
SLC,MCO,1931.0,40.771,-111.965,28.418,-81.324
SLC,MDW,1259.0,40.771,-111.965,41.784,-87.755
SLC,MIA,2088.0,40.771,-111.965,25.788,-80.317
SLC,MSP,991.0,40.771,-111.965,44.885,-93.231
SLC,ORD,1250.0,40.771,-111.965,41.96,-87.932
SLC,PHL,1927.0,40.771,-111.965,39.873,-75.227
SLC,PIT,1660.0,40.771,-111.965,40.48459,-80.21448
SLC,SAN,626.0,40.771,-111.965,32.734,-117.183
SLC,SAT,1087.0,40.771,-111.965,29.544,-98.484
SLC,SFO,599.0,40.771,-111.965,37.62,-122.366
SLC,SMF,532.0,40.771,-111.965,38.701,-121.595
SLC,STL,1156.0,40.771,-111.965,38.752,-90.373
SLC,TPA,1888.0,40.771,-111.965,27.963,-82.54
SMF,ATL,2092.0,38.701,-121.595,33.63,-84.442
SMF,AUS,1481.0,38.701,-121.595,30.183,-97.68
SMF,BNA,1917.0,38.701,-121.595,36.111,-86.688
SMF,BOS,2636.0,38.701,-121.595,42.361,-71.01
SMF,CLT,2244.0,38.701,-121.595,35.223,-80.954
SMF,DEN,909.0,38.701,-121.595,39.847,-104.656
SMF,DFW,1431.0,38.701,-121.595,32.897,-97.022
SMF,EWR,2500.0,38.701,-121.595,40.683,-74.169
SMF,IAD,2358.0,38.701,-121.595,38.935,-77.447
SMF,IAH,1609.0,38.701,-121.595,29.984,-95.361
SMF,LAX,373.0,38.701,-121.595,33.938,-118.387
SMF,MDW,1790.0,38.701,-121.595,41.784,-87.755
SMF,MIA,2552.0,38.701,-121.595,25.788,-80.317
SMF,MSP,1517.0,38.701,-121.595,44.885,-93.231
SMF,ORD,1781.0,38.701,-121.595,41.96,-87.932
SMF,SAN,480.0,38.701,-121.595,32.734,-117.183
SMF,SBA,310.0,38.701,-121.595,34.4241,-119.84249
SMF,SFO,86.0,38.701,-121.595,37.62,-122.366
SMF,SLC,532.0,38.701,-121.595,40.771,-111.965
SMF,STL,1679.0,38.701,-121.595,38.752,-90.373
STL,ATL,484.0,38.752,-90.373,33.63,-84.442
STL,AUS,721.0,38.752,-90.373,30.183,-97.68
STL,BNA,272.0,38.752,-90.373,36.111,-86.688
STL,BOS,1047.0,38.752,-90.373,42.361,-71.01
STL,BWI,738.0,38.752,-90.373,39.173,-76.684
STL,CLT,575.0,38.752,-90.373,35.223,-80.954
STL,CMH,409.0,38.752,-90.373,39.991,-82.877
STL,DCA,719.0,38.752,-90.373,38.847,-77.035
STL,DEN,770.0,38.752,-90.373,39.847,-104.656
STL,DFW,550.0,38.752,-90.373,32.897,-97.022
STL,DTW,440.0,38.752,-90.373,42.231,-83.331
STL,EWR,872.0,38.752,-90.373,40.683,-74.169
STL,FLL,1057.0,38.752,-90.373,26.079,-80.162
STL,IAD,696.0,38.752,-90.373,38.935,-77.447
STL,IAH,667.0,38.752,-90.373,29.984,-95.361
STL,ICT,392.0,38.752,-90.373,37.648,-97.43
STL,LAX,1592.0,38.752,-90.373,33.938,-118.387
STL,LGA,888.0,38.752,-90.373,40.779,-73.88
STL,MCI,237.0,38.752,-90.373,39.297,-94.731
STL,MCO,882.0,38.752,-90.373,28.418,-81.324
STL,MDW,251.0,38.752,-90.373,41.784,-87.755
STL,MIA,1068.0,38.752,-90.373,25.788,-80.317
STL,MSP,448.0,38.752,-90.373,44.885,-93.231
STL,ORD,258.0,38.752,-90.373,41.96,-87.932
STL,PHL,814.0,38.752,-90.373,39.873,-75.227
STL,PIT,554.0,38.752,-90.373,40.48459,-80.21448
STL,SAN,1557.0,38.752,-90.373,32.734,-117.183
STL,SAT,786.0,38.752,-90.373,29.544,-98.484
STL,SLC,1156.0,38.752,-90.373,40.771,-111.965
STL,SMF,1679.0,38.752,-90.373,38.701,-121.595
STL,TPA,869.0,38.752,-90.373,27.963,-82.54
TPA,ACY,913.0,27.963,-82.54,39.452,-74.567
TPA,ATL,406.0,27.963,-82.54,33.63,-84.442
TPA,AUS,928.0,27.963,-82.54,30.183,-97.68
TPA,BNA,612.0,27.963,-82.54,36.111,-86.688
TPA,BOS,1185.0,27.963,-82.54,42.361,-71.01
TPA,BWI,842.0,27.963,-82.54,39.173,-76.684
TPA,CLT,507.0,27.963,-82.54,35.223,-80.954
TPA,CMH,829.0,27.963,-82.54,39.991,-82.877
TPA,DCA,814.0,27.963,-82.54,38.847,-77.035
TPA,DEN,1506.0,27.963,-82.54,39.847,-104.656
TPA,DFW,929.0,27.963,-82.54,32.897,-97.022
TPA,DTW,983.0,27.963,-82.54,42.231,-83.331
TPA,EWR,997.0,27.963,-82.54,40.683,-74.169
TPA,FLL,197.0,27.963,-82.54,26.079,-80.162
TPA,GRR,1041.0,27.963,-82.54,42.882,-85.523
TPA,IAD,811.0,27.963,-82.54,38.935,-77.447
TPA,IAH,787.0,27.963,-82.54,29.984,-95.361
TPA,LAX,2158.0,27.963,-82.54,33.938,-118.387
TPA,LGA,1010.0,27.963,-82.54,40.779,-73.88
TPA,MCI,1048.0,27.963,-82.54,39.297,-94.731
TPA,MCO,81.0,27.963,-82.54,28.418,-81.324
TPA,MDW,997.0,27.963,-82.54,41.784,-87.755
TPA,MIA,204.0,27.963,-82.54,25.788,-80.317
TPA,MSP,1306.0,27.963,-82.54,44.885,-93.231
TPA,ORD,1011.7004242759639,27.963,-82.54,41.96,-87.932
TPA,PHL,920.0,27.963,-82.54,39.873,-75.227
TPA,PIT,873.0,27.963,-82.54,40.48459,-80.21448
TPA,PVD,1136.0,27.963,-82.54,41.723,-71.432
TPA,RIC,723.0,27.963,-82.54,37.512,-77.323
TPA,SAN,2087.0,27.963,-82.54,32.734,-117.183
TPA,SAT,972.0,27.963,-82.54,29.544,-98.484
TPA,SFO,2393.0,27.963,-82.54,37.62,-122.366
TPA,SLC,1888.0,27.963,-82.54,40.771,-111.965
TPA,STL,869.0,27.963,-82.54,38.752,-90.373
